/*
1280. Students and Examinations

Table: Students

+---------------+---------+
| Column Name   | Type    |
+---------------+---------+
| student_id    | int     |
| student_name  | varchar |
+---------------+---------+
In SQL, student_id is the primary key for this table.
Each row of this table contains the ID and the name of one student in the school.
 

Table: Subjects

+--------------+---------+
| Column Name  | Type    |
+--------------+---------+
| subject_name | varchar |
+--------------+---------+
In SQL, subject_name is the primary key for this table.
Each row of this table contains the name of one subject in the school.
 

Table: Examinations

+--------------+---------+
| Column Name  | Type    |
+--------------+---------+
| student_id   | int     |
| subject_name | varchar |
+--------------+---------+
This table may contain duplicates (In other words, there is no primary key for this table in SQL).
Each student from the Students table takes every course from the Subjects table.
Each row of this table indicates that a student with ID student_id attended the exam of subject_name.
 

Find the number of times each student attended each exam.

Return the result table ordered by student_id and subject_name.
*/

--Schema:
Create table dbo.Students (student_id int, student_name varchar(20))
Create table dbo.Subjects (subject_name varchar(20))
Create table dbo.Examinations (student_id int, subject_name varchar(20))
Truncate table Students
insert into Students (student_id, student_name) values ('1', 'Alice')
insert into Students (student_id, student_name) values ('2', 'Bob')
insert into Students (student_id, student_name) values ('13', 'John')
insert into Students (student_id, student_name) values ('6', 'Alex')
Truncate table Subjects
insert into Subjects (subject_name) values ('Math')
insert into Subjects (subject_name) values ('Physics')
insert into Subjects (subject_name) values ('Programming')
Truncate table Examinations
insert into Examinations (student_id, subject_name) values ('1', 'Math')
insert into Examinations (student_id, subject_name) values ('1', 'Physics')
insert into Examinations (student_id, subject_name) values ('1', 'Programming')
insert into Examinations (student_id, subject_name) values ('2', 'Programming')
insert into Examinations (student_id, subject_name) values ('1', 'Physics')
insert into Examinations (student_id, subject_name) values ('1', 'Math')
insert into Examinations (student_id, subject_name) values ('13', 'Math')
insert into Examinations (student_id, subject_name) values ('13', 'Programming')
insert into Examinations (student_id, subject_name) values ('13', 'Physics')
insert into Examinations (student_id, subject_name) values ('2', 'Math')
insert into Examinations (student_id, subject_name) values ('1', 'Math')

--Solution:
Select St.student_id, St.student_name, Su.subject_name, count(E.subject_name) as attended_exams
from dbo.Subjects as Su
	 cross join dbo.Students as St
	 left join dbo.Examinations as E
		on St.student_id = E.student_id and Su.subject_name = E.subject_name
group by St.student_id, St.student_name, Su.subject_name;
	 